reference	template
A:87:T	A:87:T
A:88:T	A:88:T
A:89:F	A:89:F
A:90:V	A:90:V
A:91:A	A:91:A
A:92:L	A:92:L
A:93:Y	A:93:Y
A:94:D	A:94:D
A:95:Y	A:95:Y
A:96:E	A:96:E
A:97:S	A:97:S
A:98:R	A:98:R
A:99:T	A:99:T
A:100:E	A:100:E
A:101:T	A:101:T
A:102:D	A:102:D
A:103:L	A:103:L
A:104:S	A:104:S
A:105:F	A:105:F
A:106:K	A:106:K
A:107:K	A:107:K
A:108:G	A:108:G
A:109:E	A:109:E
A:110:R	A:110:R
A:111:L	A:111:L
A:112:Q	A:112:Q
A:113:I	A:113:I
A:114:V	A:114:V
A:115:N	A:115:N
A:116:N	A:116:N
A:117:T	A:117:T
A:118:E	A:118:E
A:119:G	A:119:G
A:120:D	A:120:D
A:121:W	A:121:W
A:122:W	A:122:W
A:123:L	A:123:L
A:124:A	A:124:A
A:125:H	A:125:H
A:126:S	A:126:S
A:127:L	A:127:L
A:128:S	A:128:S
A:129:T	A:129:T
A:130:G	A:130:G
A:131:Q	A:131:Q
A:132:T	A:132:T
A:133:G	A:133:G
A:134:Y	A:134:Y
A:135:I	A:135:I
A:136:P	A:136:P
A:137:S	A:137:S
A:138:N	A:138:N
A:139:Y	A:139:Y
A:140:V	A:140:V
A:141:A	A:141:A
A:142:P	A:142:P
A:143:S	A:143:S
A:144:D	A:144:D
A:145:S	A:145:S
A:146:I	A:146:I
A:147:Q	A:147:Q
A:148:A	A:148:A
A:149:E	A:149:E
A:150:E	A:150:E
A:151:W	A:151:W
A:152:Y	A:152:Y
A:153:F	A:153:F
A:154:G	A:154:G
A:155:K	A:155:K
A:156:I	A:156:I
A:157:T	A:157:T
A:158:R	A:158:R
A:159:R	A:159:R
A:160:E	A:160:E
A:161:S	A:161:S
A:162:E	A:162:E
A:163:R	A:163:R
A:164:L	A:164:L
A:165:L	A:165:L
A:166:L	A:166:L
A:167:N	A:167:N
A:168:A	A:168:A
A:169:E	A:169:E
A:170:N	A:170:N
A:171:P	A:171:P
A:172:R	A:172:R
A:173:G	A:173:G
A:174:T	A:174:T
A:175:F	A:175:F
A:176:L	A:176:L
A:177:V	A:177:V
A:178:R	A:178:R
A:179:E	A:179:E
A:180:S	A:180:S
A:181:E	A:181:E
A:182:T	A:182:T
A:183:T	A:183:T
A:184:K	A:184:K
A:185:G	A:185:G
A:186:A	A:186:A
A:187:Y	A:187:Y
A:188:C	A:188:C
A:189:L	A:189:L
A:190:S	A:190:S
A:191:V	A:191:V
A:192:S	A:192:S
A:193:D	A:193:D
A:194:F	A:194:F
A:195:D	A:195:D
A:196:N	A:196:N
A:197:A	A:197:A
A:198:K	A:198:K
A:199:G	A:199:G
A:200:L	A:200:L
A:201:N	A:201:N
A:202:V	A:202:V
A:203:K	A:203:K
A:204:H	A:204:H
A:205:Y	A:205:Y
A:206:K	A:206:K
A:207:I	A:207:I
A:208:R	A:208:R
A:209:K	A:209:K
A:210:L	A:210:L
A:211:D	A:211:D
A:212:S	A:212:S
A:213:G	A:213:G
A:214:G	A:214:G
A:215:F	A:215:F
A:216:Y	A:216:Y
A:217:I	A:217:I
A:218:T	A:218:T
A:219:S	A:219:S
A:220:R	A:220:R
A:221:T	A:221:T
A:222:Q	A:222:Q
A:223:F	A:223:F
A:224:N	A:224:N
A:225:S	A:225:S
A:226:L	A:226:L
A:227:Q	A:227:Q
A:228:Q	A:228:Q
A:229:L	A:229:L
A:230:V	A:230:V
A:231:A	A:231:A
A:232:Y	A:232:Y
A:233:Y	A:233:Y
A:234:S	A:234:S
A:235:K	A:235:K
A:236:H	A:236:H
A:237:A	A:237:A
A:238:D	A:238:D
A:239:G	A:239:G
A:240:L	A:240:L
A:241:C	A:241:C
A:242:H	A:242:H
A:243:R	A:243:R
A:244:L	A:244:L
A:245:T	A:245:T
A:246:T	A:246:T
A:247:V	A:247:V
A:248:C	A:248:C
A:249:P	A:249:P
A:250:T	A:250:T
A:251:S	A:251:S
A:252:K	A:252:K
A:253:P	A:253:P
A:254:Q	A:254:Q
A:255:T	A:255:T
A:256:Q	A:256:Q
A:257:G	A:257:G
A:258:L	A:258:L
A:259:A	A:259:A
A:260:K	A:260:K
A:261:D	A:261:D
A:262:A	A:262:A
A:263:W	A:263:W
A:264:E	A:264:E
A:265:I	A:265:I
A:266:P	A:266:P
A:267:R	A:267:R
A:268:E	A:268:E
A:269:S	A:269:S
A:270:L	A:270:L
A:271:R	A:271:R
A:272:L	A:272:L
A:273:E	A:273:E
A:274:V	A:274:V
A:275:K	A:275:K
A:276:L	A:276:L
A:277:G	A:277:G
A:278:Q	A:278:Q
A:279:G	A:279:G
A:280:C	A:280:C
A:281:F	A:281:F
A:282:G	A:282:G
A:283:E	A:283:E
A:284:V	A:284:V
A:285:W	A:285:W
A:286:M	A:286:M
A:287:G	A:287:G
A:288:T	A:288:T
A:289:W	A:289:W
A:290:N	A:290:N
A:291:G	A:291:G
A:292:T	A:292:T
A:293:T	A:293:T
A:294:R	A:294:R
A:295:V	A:295:V
A:296:A	A:296:A
A:297:I	A:297:I
A:298:K	A:298:K
A:299:T	A:299:T
A:300:L	A:300:L
A:301:K	A:301:K
A:302:P	A:302:P
A:303:G	A:303:G
A:304:T	A:304:T
A:305:M	A:305:M
A:306:S	A:306:S
A:307:P	A:307:P
A:308:E	A:308:E
A:309:A	A:309:A
A:310:F	A:310:F
A:311:L	A:311:L
A:312:Q	A:312:Q
A:313:E	A:313:E
A:314:A	A:314:A
A:315:Q	A:315:Q
A:316:V	A:316:V
A:317:M	A:317:M
A:318:K	A:318:K
A:319:K	A:319:K
A:320:L	A:320:L
A:321:R	A:321:R
A:322:H	A:322:H
A:323:E	A:323:E
A:324:K	A:324:K
A:325:L	A:325:L
A:326:V	A:326:V
A:327:Q	A:327:Q
A:328:L	A:328:L
A:329:Y	A:329:Y
A:330:A	A:330:A
A:331:V	A:331:V
A:332:V	A:332:V
A:333:S	A:333:S
A:334:E	A:334:E
A:335:E	A:335:E
A:336:P	A:336:P
A:337:I	A:337:I
A:338:Y	A:338:Y
A:339:I	A:339:I
A:340:V	A:340:V
A:341:T	A:341:T
A:342:E	A:342:E
A:343:Y	A:343:Y
A:344:M	A:344:M
A:345:S	A:345:S
A:346:K	A:346:K
A:347:G	A:347:G
A:348:S	A:348:S
A:349:L	A:349:L
A:350:L	A:350:L
A:351:D	A:351:D
A:352:F	A:352:F
A:353:L	A:353:L
A:354:K	A:354:K
A:355:G	A:355:G
A:356:E	A:356:E
A:357:T	A:357:T
A:358:G	A:358:G
A:359:K	A:359:K
A:360:Y	A:360:Y
A:361:L	A:361:L
A:362:R	A:362:R
A:363:L	A:363:L
A:364:P	A:364:P
A:365:Q	A:365:Q
A:366:L	A:366:L
A:367:V	A:367:V
A:368:D	A:368:D
A:369:M	A:369:M
A:370:A	A:370:A
A:371:A	A:371:A
A:372:Q	A:372:Q
A:373:I	A:373:I
A:374:A	A:374:A
A:375:S	A:375:S
A:376:G	A:376:G
A:377:M	A:377:M
A:378:A	A:378:A
A:379:Y	A:379:Y
A:380:V	A:380:V
A:381:E	A:381:E
A:382:R	A:382:R
A:383:M	A:383:M
A:384:N	A:384:N
A:385:Y	A:385:Y
A:386:V	A:386:V
A:387:H	A:387:H
A:388:R	A:388:R
A:389:D	A:389:D
A:390:L	A:390:L
A:391:C	A:391:C
A:392:A	A:392:A
A:393:A	A:393:A
A:394:N	A:394:N
A:395:I	A:395:I
A:396:L	A:396:L
A:397:V	A:397:V
A:398:G	A:398:G
A:399:E	A:399:E
A:400:N	A:400:N
A:401:L	A:401:L
A:402:V	A:402:V
A:403:C	A:403:C
A:404:K	A:404:K
A:405:V	A:405:V
A:406:A	A:406:A
A:407:D	A:407:D
A:408:F	A:408:F
A:409:G	A:409:G
A:410:L	A:410:L
A:411:A	A:411:A
A:412:R	A:412:R
A:413:L	A:413:L
A:414:I	A:414:I
A:415:E	A:415:E
A:416:D	A:416:D
A:417:N	A:417:N
A:418:E	A:418:E
A:419:Y	A:419:Y
A:420:T	A:420:T
A:421:A	A:421:A
A:422:R	A:422:R
A:423:Q	A:423:Q
A:424:G	A:424:G
A:425:A	A:425:A
A:426:K	A:426:K
A:427:F	A:427:F
A:428:P	A:428:P
A:429:I	A:429:I
A:430:K	A:430:K
A:431:W	A:431:W
A:432:T	A:432:T
A:433:A	A:433:A
A:434:P	A:434:P
A:435:E	A:435:E
A:436:A	A:436:A
A:437:A	A:437:A
A:438:L	A:438:L
A:439:Y	A:439:Y
A:440:G	A:440:G
A:441:R	A:441:R
A:442:F	A:442:F
A:443:T	A:443:T
A:444:I	A:444:I
A:445:K	A:445:K
A:446:S	A:446:S
A:447:D	A:447:D
A:448:V	A:448:V
A:449:W	A:449:W
A:450:S	A:450:S
A:451:F	A:451:F
A:452:G	A:452:G
A:453:I	A:453:I
A:454:L	A:454:L
A:455:L	A:455:L
A:456:T	A:456:T
A:457:E	A:457:E
A:458:L	A:458:L
A:459:T	A:459:T
A:460:T	A:460:T
A:461:K	A:461:K
A:462:G	A:462:G
A:463:R	A:463:R
A:464:V	A:464:V
A:465:P	A:465:P
A:466:Y	A:466:Y
A:467:P	A:467:P
A:468:G	A:468:G
A:469:M	A:469:M
A:470:V	A:470:V
A:471:N	A:471:N
A:472:R	A:472:R
A:473:E	A:473:E
A:474:V	A:474:V
A:475:L	A:475:L
A:476:D	A:476:D
A:477:Q	A:477:Q
A:478:V	A:478:V
A:479:E	A:479:E
A:480:R	A:480:R
A:481:G	A:481:G
A:482:Y	A:482:Y
A:483:R	A:483:R
A:484:M	A:484:M
A:485:P	A:485:P
A:486:C	A:486:C
A:487:P	A:487:P
A:488:P	A:488:P
A:489:E	A:489:E
A:490:C	A:490:C
A:491:P	A:491:P
A:492:E	A:492:E
A:493:S	A:493:S
A:494:L	A:494:L
A:495:H	A:495:H
A:496:D	A:496:D
A:497:L	A:497:L
A:498:M	A:498:M
A:499:C	A:499:C
A:500:Q	A:500:Q
A:501:C	A:501:C
A:502:W	A:502:W
A:503:R	A:503:R
A:504:K	A:504:K
A:505:E	A:505:E
A:506:P	A:506:P
A:507:E	A:507:E
A:508:E	A:508:E
A:509:R	A:509:R
A:510:P	A:510:P
A:511:T	A:511:T
A:512:F	A:512:F
A:513:E	A:513:E
A:514:Y	A:514:Y
A:515:L	A:515:L
A:516:Q	A:516:Q
A:517:A	A:517:A
A:518:F	A:518:F
A:519:L	A:519:L
A:520:E	A:520:E
A:521:D	A:521:D
A:522:Y	A:522:Y
A:523:F	A:523:F
A:524:T	A:524:T
A:525:S	A:525:S
A:526:T	A:526:T
A:527:E	A:527:E
A:528:P	A:528:P
A:529:Q	A:529:Q
A:530:Y	A:530:Y
A:531:Q	A:531:Q
A:532:P	A:532:P
A:533:G	A:533:G
A:534:E	A:534:E
A:535:N	A:535:N
A:536:L	A:536:L
